[
  {
    "id": 1,
    "name": "Mini Plastic Container",
    "price": 7,
    "category": "Under 9",
    "stock": 100
  },
  {
    "id": 2,
    "name": "Kids Toy Whistle",
    "price": 19,
    "category": "Under 19",
    "stock": 50
  },
  {
    "id": 3,
    "name": "Steel Spoon",
    "price": 29,
    "category": "Under 29",
    "stock": 75
  },
  {
    "id": 4,
    "name": "USB LED Light",
    "price": 39,
    "category": "Under 39",
    "stock": 60
  },
  {
    "id": 5,
    "name": "Mobile Stand",
    "price": 49,
    "category": "Under 49",
    "stock": 40
  }
]